{
  "set_rpm": {
    "mean": 300.0,
    "std": 0.0
  },
  "rpm": {
    "mean": 299.42190268605026,
    "std": 9.403333150878373
  },
  "current": {
    "mean": 9.505952500805412,
    "std": 0.06094205654778106
  },
  "torque": {
    "mean": 2.602609022888531,
    "std": 0.9037084278783227
  },
  "dc_voltage": {
    "mean": 588.8585041478738,
    "std": 5.7185340621864755
  },
  "temperature": {
    "mean": 28.903810691178048,
    "std": 2.4543729446574645
  },
  "vibration": {
    "mean": 7.221348444907526,
    "std": 0.6737803107656283
  },
  "motor_on": {
    "mean": 1.0,
    "std": 0.0
  },
  "mechanical_power_proxy": {
    "mean": 779.0318798281787,
    "std": 271.66203176160894
  },
  "torque_current_ratio": {
    "mean": 0.27377914089347083,
    "std": 0.0950152488057641
  },
  "slip": {
    "mean": 0.8336814089347081,
    "std": 9.384120216805606
  },
  "thermal_overload": {
    "mean": 8.655628570064236,
    "std": 0.7901239314493372
  },
  "thermal_stress": {
    "mean": -0.010961893088219501,
    "std": 0.02454372944657465
  },
  "motor_overload": {
    "mean": 0.012371004600722232,
    "std": 0.004299479326825368
  },
  "rpm_mean10": {
    "mean": 299.42204950601376,
    "std": 7.578302017637802
  },
  "rpm_std10": {
    "mean": 0.7886208725337868,
    "std": 5.814938936066942
  },
  "current_mean10": {
    "mean": 9.505926601763854,
    "std": 0.04646592817939665
  },
  "current_std10": {
    "mean": 0.03968162311819796,
    "std": 0.012531700900378296
  },
  "vibration_mean10": {
    "mean": 7.22087675686964,
    "std": 0.44609013425465704
  },
  "vibration_std10": {
    "mean": 0.20333822570592755,
    "std": 0.4924920076262229
  },
  "temperature_rate10": {
    "mean": 0.035834558231314435,
    "std": 0.113487427816783
  }
}