{
  "set_rpm": {
    "mean": 300.0,
    "std": 0.0
  },
  "rpm": {
    "mean": 299.97661411152785,
    "std": 0.3420473252448652
  },
  "current": {
    "mean": 9.497271274496441,
    "std": 0.05881205434058714
  },
  "torque": {
    "mean": 2.588763764638507,
    "std": 0.9149440586003539
  },
  "dc_voltage": {
    "mean": 591.1007434556333,
    "std": 7.408846620828088
  },
  "temperature": {
    "mean": 31.173117858013004,
    "std": 0.49611920444365215
  },
  "vibration": {
    "mean": 1.2589070879871402,
    "std": 4.451293772171888
  },
  "motor_on": {
    "mean": 1.0,
    "std": 0.0
  },
  "mechanical_power_proxy": {
    "mean": 776.5693691462168,
    "std": 274.466062103942
  },
  "torque_current_ratio": {
    "mean": 0.2725731339468302,
    "std": 0.0962991664999596
  },
  "slip": {
    "mean": 0.27881843047034766,
    "std": 0.19948310852558113
  },
  "rpm_mean10": {
    "mean": 299.97691991139044,
    "std": 0.12086184738352446
  },
  "rpm_std10": {
    "mean": 0.3265892384936261,
    "std": 0.08452505459612826
  },
  "current_mean10": {
    "mean": 9.497275869685447,
    "std": 0.04548095200820371
  },
  "current_std10": {
    "mean": 0.03820261055022016,
    "std": 0.009250587525331484
  },
  "vibration_mean10": {
    "mean": 1.258940880826783,
    "std": 3.6862761147863226
  },
  "vibration_std10": {
    "mean": 0.6395031885119437,
    "std": 2.5510915174814137
  },
  "temperature_rate10": {
    "mean": 0.00293864306740478,
    "std": 0.08155088635744973
  }
}